<?xml version="1.0" encoding="UTF-8"?>
<deployment xmlns:xsi="http://www.w3.org/2001/XMLSchema-instance"
	xmlns="urn:jboss:bean-deployer:2.0">

	<bean name="DialogicLinksetFactory"
		class="org.mobicents.ss7.hardware.dialogic.oam.DialogicLinksetFactory">
	</bean>

	<bean name="SCTPManagement" class="org.mobicents.protocols.sctp.ManagementImpl">
		<constructor>
			<parameter>SCTPManagement</parameter>
		</constructor>
		<property name="persistDir">${sgw.home.dir}/ss7</property>
		<property name="singleThread">true</property>
		<property name="connectDelay">30000</property>
	</bean>

	<bean name="SCTPShellExecutor"
		class="org.mobicents.protocols.ss7.m3ua.impl.oam.SCTPShellExecutor">
		<property name="sctpManagement">
			<inject bean="SCTPManagement" />
		</property>
	</bean>
	
	<bean name="Mtp3UserPart" class="org.mobicents.protocols.ss7.m3ua.impl.M3UAManagementImpl">
		<constructor>
			<parameter>Mtp3UserPart</parameter>
		</constructor>
		<property name="persistDir">${sgw.home.dir}/ss7</property>
		<property name="transportManagement">
			<inject bean="SCTPManagement" />
		</property>
	</bean>

	<bean name="M3UAShellExecutor"
		class="org.mobicents.protocols.ss7.m3ua.impl.oam.M3UAShellExecutor">
		<property name="m3uaManagement">
			<inject bean="Mtp3UserPart" />
		</property>
	</bean>

	<bean name="Clock" class="org.mobicents.protocols.ss7.scheduler.DefaultClock">
	</bean>

	<bean name="Scheduler" class="org.mobicents.protocols.ss7.scheduler.Scheduler">
		<property name="clock">
			<inject bean="Clock" />
		</property>
	</bean>

	<bean name="LinksetManager" class="org.mobicents.ss7.linkset.oam.LinksetManagerImpl">
		<constructor>
			<parameter>LinksetManager</parameter>
		</constructor>
		<property name="scheduler">
			<inject bean="Scheduler" />
		</property>

		<property name="linksetFactoryFactory">
			<inject bean="LinksetFactoryFactory" />
		</property>
		<property name="persistDir">${sgw.home.dir}/ss7</property>
	</bean>

	<bean name="LinksetExecutor" class="org.mobicents.ss7.linkset.oam.LinksetExecutor">
		<property name="linksetManager">
			<inject bean="LinksetManager" />
		</property>
	</bean>

	<bean name="DahdiLinksetFactory"
		class="org.mobicents.ss7.hardware.dahdi.oam.DahdiLinksetFactory">
		<property name="scheduler">
			<inject bean="Scheduler" />
		</property>
	</bean>

	<bean name="LinksetFactoryFactory" class="org.mobicents.ss7.linkset.oam.LinksetFactoryFactory">
		<incallback method="addFactory" />
		<uncallback method="removeFactory" />
	</bean>

	<bean name="ShellExecutor" class="org.mobicents.ss7.management.console.ShellServer">
		<constructor>
			<parameter>
				<inject bean="Scheduler" />
			</parameter>
			<parameter>
				<list class="javolution.util.FastList" elementClass="org.mobicents.ss7.management.console.ShellExecutor">
					<inject bean="M3UAShellExecutor" />
					<inject bean="SCTPShellExecutor" />
					<inject bean="LinksetExecutor" />
				</list>
			</parameter>
		</constructor>

		<property name="address">${sgw.bind.address}</property>
		<property name="port">3435</property>
	</bean>

	<bean name="NodalInterworkingFunction" class="org.mobicents.ss7.sgw.NodalInterworkingFunction">
		<constructor>
			<parameter>
				<inject bean="Scheduler" />
			</parameter>
		</constructor>

		<property name="linksetManager">
			<inject bean="LinksetManager" />
		</property>
		<property name="m3UAManagement">
			<inject bean="Mtp3UserPart" />
		</property>
	</bean>


	<bean name="SignalingGateway" class="org.mobicents.ss7.sgw.SignalingGateway">

		<property name="scheduler">
			<inject bean="Scheduler" />
		</property>

		<property name="nodalInterworkingFunction">
			<inject bean="NodalInterworkingFunction" />
		</property>

	</bean>
</deployment>
